Purchase ID,Item Name,Buyer Name,Purchase Email,Buyer Email,Do not contact?,Purchase Date,Purchase Time (UTC timezone),Subtotal ($),Taxes ($),Shipping ($),Sale Price ($),Gumroad Fee ($),Net Total ($),Tax Included in Price?,Street Address,City,Zip Code,State,Country,Referrer,Refunded?,Partial Refund ($),Fully Refunded?,Disputed?,Dispute Won?,Variants,Discount Code,Recurring Charge?,Pre-order authorization?,Product ID,Order Number,Pre-order authorization time (UTC timezone),Custom Fields,Item Price ($),Variants Price ($),Imported Customer?,Giftee Email,SKU ID,Quantity,Recurrence,Affiliate,Affiliate commission ($),Discover?,Subscription Ended Date,Rating,License Key,Payment Type,PayPal Transaction ID
Jn_Ww7YXZx64nVyffA4gKA==,The exact number of roads a man must walk down - An Ebook,Robert Zimmerman,basketballfan69@aol.com,,0,2021-03-23,2021-03-23 09:23:52 +0000,0.0,0.0,0.0,0.0,0.0,0.0,,,,44109,MN,United Republic of Minnesota ,https://help.gumroad.com/,0,0.0,0,0,0,,,0,0,wSIJ,417256347,,{},0.0,0.0,0,,,1,,,0.0,0,,5,,,
grY4jNp5tuWyNQ2K4Zrw==,Why Train Travel is Bad For You,Bud D. Holly,bholz420@me.com,,1,2021-03-23,2021-03-23 16:56:16 +0000,0.0,0.0,0.0,0.0,0.0,0.0,,,,0EC2V,H9,United Kingdom,https://help.gumroad.com/,0,0.0,0,0,0,,,0,0,RkXRF,764191643,,{},0.0,0.0,0,,,1,,,0.0,0,,5,,,
f9678-dsjSYGEckYpooT6w==,My Cool Video About Tri-cornered Hats,Nina S.,feelinggood@protonmail.com,feelinggood@protonmail.com,0,2021-03-23,2021-03-23 17:57:14 +0000,0.0,0.0,0.0,0.0,0.0,0.0,,,,,,,https://help.gumroad.com/,0,0.0,0,0,0,,,0,0,wSIJ,182166427,,{},0.0,0.0,0,,,1,,,0.0,0,,3,,,
F849oPWlavcbroZbEZdVc4g==,My Cool Video About Tri-cornered Hats,Fats,largerdomino@blueberryhill.com,,0,2021-03-23,2021-03-23 18:10:20 +0000,0.0,0.0,0.0,0.0,0.0,0.0,,,,00R7N,MB,Canada,https://help.gumroad.com/article/43-streaming-videos,0,0.0,0,0,0,,,0,0,jnBuO,99984283,,{},0.0,0.0,0,,,1,,,0.0,0,,2,,,
huNM1yvH8UEvy8iV7XRVdw==,My Cool Video About Tri-cornered Hats,Lt. Beefheart,abbazabba@troutmaskrepli.ca,abbazabba@troutmaskrepli.ca,1,2021-03-23,2021-03-23 23:16:12 +0000,0.0,0.0,0.0,0.0,0.0,0.0,,,,,,,https://help.gumroad.com/,0,0.0,0,0,0,,,0,0,jnBuO,645981083,,{},0.0,0.0,0,,,1,,,0.0,0,,5,,,
KuMlmtqlgctX8t7vvvXyUw==,My Cool Drawing of a Fish,Paul,paul@peterpaulmary.net,paul@peterpaulmary.net,0,2021-03-24,2021-03-24 05:01:40 +0000,0.0,0.0,0.0,0.0,0.0,0.0,,,,0,30,Indonesia,https://help.gumroad.com/,0,0.0,0,0,0,,,0,0,wSIJ,107283355,,{},0.0,0.0,0,mary@peterpaulmary.net,,1,,,0.0,0,,4,,,
VRiBFCbAVsg7qfEk6tV58w==,My Cool Book About Sailboats,Robert Maxwell,glainesdad@spy.co.uk,freddyk@elmst.org,0,2021-03-24,2021-03-24 10:49:52 +0000,0.0,0.0,0.0,0.0,0.0,0.0,,,,,,,https://help.gumroad.com/article/130-pdf-stamping,0,0.0,0,0,0,,,0,0,wSIJ,839271323,,{},0.0,0.0,0,,,1,,,0.0,0,,,,,
